{"1236928994":{"nickname":"IEL","last_seen":"2025-02-07 23:54:15"},"1390045660":{"nickname":"Głaciø","last_seen":"2025-02-08 13:39:19"},"1758432075":{"nickname":"RAJ","last_seen":"2025-02-08 13:24:58"},"7355767753":{"nickname":"NST xamerx","last_seen":"2025-02-10 16:23:33"},"7907040098":{"nickname":"k","last_seen":"2025-02-07 22:04:29"},"7779516259":{"nickname":"azmxzc","last_seen":"2025-02-08 13:27:26"},"7613243690":{"nickname":"PengodeHandal","last_seen":"2025-02-10 16:29:16"},"6510246093":{"nickname":"Ezaa","last_seen":"2025-02-08 12:50:03"},"7989591997":{"nickname":"𖤍 | TOMI","last_seen":"2025-02-08 07:55:25"},"8033027108":{"nickname":"的笑容都没你|| Renn MODS⚡","last_seen":"2025-02-08 09:29:38"},"7692690709":{"nickname":"Anon1337","last_seen":"2025-02-08 13:35:58"},"7636744747":{"nickname":"Dava","last_seen":"2025-02-08 11:51:32"},"7158350736":{"nickname":"Kahn","last_seen":"2025-02-07 22:52:44"},"7868390680":{"nickname":"𝖠𝗆𝗂𝗇","last_seen":"2025-02-08 09:33:38"},"7307877624":{"nickname":"Kelvin","last_seen":"2025-02-08 12:08:54"},"6922454978":{"nickname":"Fahri","last_seen":"2025-02-08 13:29:13"},"7281464951":{"nickname":"abibkiler.com🧟💥","last_seen":"2025-02-08 11:58:43"},"6992425717":{"nickname":"bellaa🪐","last_seen":"2025-02-08 13:39:19"},"7855067390":{"nickname":"Kinema","last_seen":"2025-02-08 00:37:42"},"7826510806":{"nickname":"𖤍 | kyy","last_seen":"2025-02-08 12:09:54"},"8044087236":{"nickname":"𖤍 | Louxy pop","last_seen":"2025-02-08 00:54:15"},"6182716543":{"nickname":"Doniii","last_seen":"2025-02-08 02:46:46"},"6414258708":{"nickname":"Haikal","last_seen":"2025-02-08 13:28:33"},"6636537299":{"nickname":"̢̾ͪ̌ͪ͘H͆ ͒҉̸ͬͩ́Y̶̛̾̋͗̐ͣ͘Z̈́ͦ̓͆ͨͧͮͫͩ́͜͠E̴͆́͆̑ͧ̐͗̓͋̄̆̓̉ͪ̚͢͡Nͭͩ̍ ͑͑͊","last_seen":"2025-02-08 12:59:37"},"6777618479":{"nickname":"Zenn","last_seen":"2025-02-08 12:58:09"},"6786866425":{"nickname":"mikasa","last_seen":"2025-02-08 09:20:46"},"7665843006":{"nickname":"DFP | MOMONGA","last_seen":"2025-02-08 06:52:24"},"7393225666":{"nickname":"ryuu","last_seen":"2025-02-08 11:45:30"},"7432921880":{"nickname":"Craig","last_seen":"2025-02-08 07:49:01"},"8089706825":{"nickname":"zenoVxz🇧🇷","last_seen":"2025-02-08 08:39:35"},"6201351018":{"nickname":"Xyroo","last_seen":"2025-02-08 09:12:03"},"7310423663":{"nickname":"Rina mardiana","last_seen":"2025-02-08 11:47:39"},"7178215718":{"nickname":"FIZZ","last_seen":"2025-02-08 12:03:07"},"8185046205":{"nickname":"ElllLoveYouuu ⚡","last_seen":"2025-02-08 12:42:20"},"6867421553":{"nickname":"Agus","last_seen":"2025-02-08 12:59:16"},"6046939336":{"nickname":"RilzSigmaAbizz🥷🧏‍♂️","last_seen":"2025-02-08 12:56:18"},"5857304607":{"nickname":"メ | —͟͞͞ 𝙁𝙖𝙣͢𝙓","last_seen":"2025-02-08 12:59:32"},"5619939975":{"nickname":"KINGGZ","last_seen":"2025-02-08 13:39:22"}}